main,equine,man,global
ref_feed_0001,equine_ref_feed_0001,mann_ref_feed_0001,global_ref_feed_0001
ref_feed_0002,equine_ref_feed_0002,mann_ref_feed_0002,global_ref_feed_0002
ref_feed_0003,equine_ref_feed_0003,mann_ref_feed_0003,global_ref_feed_0003
ref_feed_0004,equine_ref_feed_0004,mann_ref_feed_0004,global_ref_feed_0004
ref_feed_0005,equine_ref_feed_0005,mann_ref_feed_0005,global_ref_feed_0005
ref_feed_0006,equine_ref_feed_0006,mann_ref_feed_0006,global_ref_feed_0006
ref_feed_0007,equine_ref_feed_0007,mann_ref_feed_0007,global_ref_feed_0007
ref_feed_0008,equine_ref_feed_0008,mann_ref_feed_0008,global_ref_feed_0008
ref_feed_0009,equine_ref_feed_0009,mann_ref_feed_0009,global_ref_feed_0009
ref_feed_0010,equine_ref_feed_0010,mann_ref_feed_0010,global_ref_feed_0010
ref_feed_0011,equine_ref_feed_0011,mann_ref_feed_0011,global_ref_feed_0011
ref_feed_0012,equine_ref_feed_0012,mann_ref_feed_0012,global_ref_feed_0012
ref_feed_0013,equine_ref_feed_0013,mann_ref_feed_0013,global_ref_feed_0013
ref_feed_0014,equine_ref_feed_0014,mann_ref_feed_0014,global_ref_feed_0014
ref_feed_0015,equine_ref_feed_0015,mann_ref_feed_0015,global_ref_feed_0015
ref_feed_0016,equine_ref_feed_0016,mann_ref_feed_0016,global_ref_feed_0016
ref_feed_0017,equine_ref_feed_0017,mann_ref_feed_0017,global_ref_feed_0017
ref_feed_0018,equine_ref_feed_0018,mann_ref_feed_0018,global_ref_feed_0018
ref_feed_0019,equine_ref_feed_0019,mann_ref_feed_0019,global_ref_feed_0019
ref_feed_0020,equine_ref_feed_0020,mann_ref_feed_0020,global_ref_feed_0020
ref_feed_0021,equine_ref_feed_0021,mann_ref_feed_0021,global_ref_feed_0021
ref_feed_0022,equine_ref_feed_0022,mann_ref_feed_0022,global_ref_feed_0022
ref_feed_0023,equine_ref_feed_0023,mann_ref_feed_0023,global_ref_feed_0023
ref_feed_0024,equine_ref_feed_0024,mann_ref_feed_0024,global_ref_feed_0024
ref_feed_0025,equine_ref_feed_0025,mann_ref_feed_0025,global_ref_feed_0025
ref_feed_0026,equine_ref_feed_0026,mann_ref_feed_0026,global_ref_feed_0026
ref_feed_0027,equine_ref_feed_0027,mann_ref_feed_0027,global_ref_feed_0027
ref_feed_0028,equine_ref_feed_0028,mann_ref_feed_0028,global_ref_feed_0028
ref_feed_0029,equine_ref_feed_0029,mann_ref_feed_0029,global_ref_feed_0029
ref_feed_0030,equine_ref_feed_0030,mann_ref_feed_0030,global_ref_feed_0030
ref_feed_0031,equine_ref_feed_0031,mann_ref_feed_0031,global_ref_feed_0031
ref_feed_0032,equine_ref_feed_0032,mann_ref_feed_0032,global_ref_feed_0032
ref_feed_0033,equine_ref_feed_0033,mann_ref_feed_0033,global_ref_feed_0033
ref_feed_0034,equine_ref_feed_0034,mann_ref_feed_0034,global_ref_feed_0034
ref_feed_0035,equine_ref_feed_0035,mann_ref_feed_0035,global_ref_feed_0035
ref_feed_0036,equine_ref_feed_0036,mann_ref_feed_0036,global_ref_feed_0036
ref_feed_0037,equine_ref_feed_0037,mann_ref_feed_0037,global_ref_feed_0037
ref_feed_0038,equine_ref_feed_0038,mann_ref_feed_0038,global_ref_feed_0038
ref_feed_0039,equine_ref_feed_0039,mann_ref_feed_0039,global_ref_feed_0039
ref_feed_0040,equine_ref_feed_0040,mann_ref_feed_0040,global_ref_feed_0040
ref_feed_0041,equine_ref_feed_0041,mann_ref_feed_0041,global_ref_feed_0041
ref_feed_0042,equine_ref_feed_0042,mann_ref_feed_0042,global_ref_feed_0042
ref_feed_0043,equine_ref_feed_0043,mann_ref_feed_0043,global_ref_feed_0043
ref_feed_0044,equine_ref_feed_0044,mann_ref_feed_0044,global_ref_feed_0044
ref_feed_0045,equine_ref_feed_0045,mann_ref_feed_0045,global_ref_feed_0045
ref_feed_0046,equine_ref_feed_0046,mann_ref_feed_0046,global_ref_feed_0046
ref_feed_0047,equine_ref_feed_0047,mann_ref_feed_0047,global_ref_feed_0047
ref_feed_0048,equine_ref_feed_0048,mann_ref_feed_0048,global_ref_feed_0048
ref_feed_0049,equine_ref_feed_0049,mann_ref_feed_0049,global_ref_feed_0049